电影中文名,电影外文名,导演中文名,导演外文名,主演中文名,主演外文名,评分,评分人数,简介,上映年份,国家,电影类型
肖申克的救赎,The Shawshank Redemption,弗兰克·德拉邦特,Frank Darabont,蒂姆·罗宾斯,,9.7,3034225,希望让人自由。,1994,美国,犯罪 剧情
霸王别姬,再见，我的妾,陈凯歌,Kaige Chen,张国荣,,9.6,2242764,风华绝代。,1993,中国大陆 中国香港,剧情 爱情 同性
阿甘正传,Forrest Gump,罗伯特·泽米吉斯,Robert Zemeckis,汤姆·汉克斯,,9.5,2260824,一部美国近现代史。,1994,美国,剧情 爱情
泰坦尼克号,Titanic,詹姆斯·卡梅隆,James Cameron,莱昂纳多·迪卡普里奥,,9.5,2300013,失去的才是永恒的。,1997,美国 墨西哥,剧情 爱情 灾难
千与千寻,千と千尋の神隠し,宫崎骏,Hayao Miyazaki,柊瑠美,,9.4,2349008,最好的宫崎骏，最好的久石让。,2001,日本,剧情 动画 奇幻
这个杀手不太冷,Léon,吕克·贝松,Luc Besson,让·雷诺,,9.4,2386834,怪蜀黍和小萝莉不得不说的故事。,1994,法国 美国,剧情 动作 犯罪
美丽人生,La vita è bella,罗伯托·贝尼尼,Roberto Benigni,罗伯托·贝尼尼,,9.5,1383532,最美的谎言。,1997,意大利,剧情 喜剧 爱情 战争
星际穿越,Interstellar,克里斯托弗·诺兰,Christopher Nolan,马修·麦康纳,,9.4,1965976,爱是一种力量，让我们超越时空感知它的存在。,2014,美国 英国 加拿大,剧情 科幻 冒险
盗梦空间,Inception,克里斯托弗·诺兰,Christopher Nolan,莱昂纳多·迪卡普里奥,,9.4,2163150,诺兰给了我们一场无法盗取的梦。,2010,美国 英国,剧情 科幻 悬疑 冒险
楚门的世界,The Truman Show,彼得·威尔,Peter Weir,金·凯瑞,,9.4,1819738,如果再也不能见到你，祝你早安，午安，晚安。,1998,美国,剧情 科幻
辛德勒的名单,Schindler's List,史蒂文·斯皮尔伯格,Steven Spielberg,连姆·尼森,,9.5,1170421,拯救一个人，就是拯救整个世界。,1993,美国,剧情 历史 战争
忠犬八公的故事,Hachi: A Dog's Tale,莱塞·霍尔斯道姆,Lasse Hallstr,理查·基尔,,9.4,1450457,永远都不能忘记你所爱的人。,2009,美国 英国,剧情
海上钢琴师,La leggenda del pianista sull'oceano,朱塞佩·托纳多雷,Giuseppe Tornatore,蒂姆·罗斯,,9.3,1748495,每个人都要走一条自己坚定了的路，就算是粉身碎骨。,1998,意大利,剧情 音乐
三傻大闹宝莱坞,3 Idiots,拉库马·希拉尼,Rajkumar Hirani,阿米尔·汗,,9.2,1939167,英俊版憨豆，高情商版谢耳朵。,2009,印度,剧情 喜剧 爱情 歌舞
放牛班的春天,Les choristes,克里斯托夫·巴拉蒂,Christophe Barratier,,,9.3,1373493,天籁一般的童声，是最接近上帝的存在。,2004,法国 瑞士 德国,剧情 音乐
机器人总动员,WALL·E,安德鲁·斯坦顿,Andrew Stanton,本·贝尔特,,9.3,1378125,小瓦力，大人生。,2008,美国,科幻 动画 冒险
疯狂动物城,Zootopia,拜伦·霍华德,Byron Howard,,,9.2,2055559,迪士尼给我们营造的乌托邦就是这样，永远善良勇敢，永远出乎意料。,2016,美国,喜剧 动画 冒险
无间道,無間道,刘伟强 / 麦兆辉   主演: 刘德华,Andy Lau,刘德华,,9.3,1441427,香港电影史上永不过时的杰作。,2002,中国香港,剧情 犯罪 惊悚
控方证人,Witness for the Prosecution,比利·怀尔德,Billy Wilder,泰隆·鲍华,,9.6,618497,比利·怀德满分作品。,1957,美国,剧情 犯罪 悬疑
大话西游之大圣娶亲,西遊記大結局之仙履奇緣,刘镇伟,Jeffrey Lau,周星驰,,9.2,1598775,一生所爱。,1995,中国香港 中国大陆,喜剧 爱情 奇幻 古装
熔炉,도가니,黄东赫,Dong,孔侑,,9.4,972861,我们一路奋战不是为了改变世界，而是为了不让世界改变我们。,2011,韩国,剧情
教父,The Godfather,弗朗西斯·福特·科波拉,Francis Ford Coppola,马龙·白兰度,,9.3,1019359,千万不要记恨你的对手，这样会让你失去理智。,1972,美国,剧情 犯罪
触不可及,Intouchables,奥利维·那卡什,Olivier Nakache,,,9.3,1183772,满满温情的高雅喜剧。,2011,法国,剧情 喜剧
当幸福来敲门,The Pursuit of Happyness,加布里尔·穆奇诺,Gabriele Muccino,威尔·史密斯,,9.2,1583951,平民励志片。,2006,美国,剧情 传记 家庭
寻梦环游记,Coco,李·昂克里奇,Lee Unkrich,,,9.1,1785721,死亡不是真的逝去，遗忘才是永恒的消亡。,2017,美国,喜剧 动画 奇幻 音乐
末代皇帝,The Last Emperor,贝纳尔多·贝托鲁奇,Bernardo Bertolucci,尊龙,,9.3,941178,“不要跟我比惨，我比你更惨”再适合这部电影不过了。,1987,英国 意大利 中国大陆 法国,剧情 传记 历史
龙猫,となりのトトロ,宫崎骏,Hayao Miyazaki,日高法子,,9.2,1323450,人人心中都有个龙猫，童年就永远不会消失。,1988,日本,动画 奇幻 冒险
怦然心动,Flipped,罗伯·莱纳,Rob Reiner,玛德琳·卡罗尔,,9.1,1915711,真正的幸福是来自内心深处。,2010,美国,剧情 喜剧 爱情
活着,人生,张艺谋,Yimou Zhang,葛优,,9.3,895193,张艺谋最好的电影。,1994,中国大陆 中国香港,剧情 历史 家庭
哈利·波特与魔法石,Harry Potter and the Sorcerer's Stone,,Chris Columbus,,,9.2,1267158,童话世界的开端。,2001,美国 英国,奇幻 冒险
蝙蝠侠：黑暗骑士,The Dark Knight,克里斯托弗·诺兰,Christopher Nolan,克里斯蒂安·贝尔,,9.2,1113807,无尽的黑暗。,2008,美国 英国,剧情 动作 科幻 犯罪 惊悚
指环王3：王者无敌,The Lord of the Rings: The Return of the King,彼得·杰克逊,Peter Jackson,伊利亚·伍德,,9.3,844534,史诗的终章。,2003,美国 新西兰,剧情 动作 奇幻 冒险
我不是药神,中国药神,文牧野,Muye Wen,徐峥,,9.0,2199505,对我们国家而言，这样的电影多一部是一部。,2018,中国大陆,剧情 喜剧
乱世佳人,Gone with the Wind,维克多·弗莱明,Victor Fleming,,,9.3,726765,Tomorrow is another day.,1939,美国,剧情 历史 爱情 战争
飞屋环游记,Up,彼特·道格特,Pete Docter,,,9.1,1390874,最后那些最无聊的事情，才是最值得怀念的。,2009,美国,剧情 喜剧 动画 冒险
素媛,소원,李濬益,Jun,薛景求,,9.3,721961,受过伤害的人总是笑得最开心，因为他们不愿意让身边的人承受一样的痛苦。,2013,韩国,剧情
哈尔的移动城堡,ハウルの動く城,宫崎骏,Hayao Miyazaki,倍赏千惠子,,9.1,1152058,带着心爱的人在天空飞翔。,2004,日本,爱情 动画 奇幻 冒险
十二怒汉,12 Angry Men,,Sidney Lumet,亨利·方达,,9.4,524902,1957年的理想主义。,1957,美国,剧情
让子弹飞,让子弹飞一会儿,姜文,Wen Jiang,姜文,,9.0,1783674,你给我翻译翻译，神马叫做TMD的惊喜。,2010,中国大陆 中国香港,剧情 喜剧 动作 西部
何以为家,كفرناحوم,娜丁·拉巴基,Nadine Labaki,扎因·拉费阿,,9.1,1093271,凝视卑弱生命，用电影改变命运。,2018,黎巴嫩 美国 法国 塞浦路斯 卡塔尔 英国,剧情
摔跤吧！爸爸,Dangal,涅提·蒂瓦里,Nitesh Tiwari,阿米尔·汗,,9.0,1634813,你不是在为你一个人战斗，你要让千千万万的女性看到女生并不是只能相夫教子。,2016,印度,剧情 传记 运动 家庭
猫鼠游戏,Catch Me If You Can,史蒂文·斯皮尔伯格,Steven Spielberg,莱昂纳多·迪卡普里奥,,9.1,1095126,骗子大师和执著警探的你追我跑故事。,2002,美国 加拿大,传记 犯罪 剧情
海蒂和爷爷,Heidi,阿兰·葛斯彭纳,Alain Gsponer,阿努克·斯特芬,,9.3,676476,如果生活中有什么使你感到快乐，那就去做吧！不要管别人说什么。,2015,德国 瑞士,剧情 冒险 家庭
天空之城,天空の城ラピュタ,宫崎骏,Hayao Miyazaki,田中真弓,,9.2,931890,对天空的追逐，永不停止。,1986,日本,动画 奇幻 冒险
鬼子来了,Devils on the Doorstep,姜文,Wen Jiang,姜文,,9.3,659976,对敌人的仁慈，就是对自己残忍。,2000,中国大陆,剧情 喜剧
少年派的奇幻漂流,Life of Pi,李安,Ang Lee,苏拉·沙玛,,9.1,1403528,瑰丽壮观、无人能及的冒险之旅。,2012,美国 中国台湾 英国 加拿大,剧情 奇幻 冒险
钢琴家,The Pianist,罗曼·波兰斯基,Roman Polanski,艾德里安·布洛迪,,9.3,683691,音乐能化解仇恨。,2002,英国 法国 波兰 德国 美国,剧情 传记 战争 音乐
指环王2：双塔奇兵,The Lord of the Rings: The Two Towers,彼得·杰克逊,Peter Jackson,伊利亚·伍德,,9.2,793297,承前启后的史诗篇章。,2002,美国 新西兰,剧情 动作 奇幻 冒险
大话西游之月光宝盒,西遊記第壹佰零壹回之月光寶盒,刘镇伟,Jeffrey Lau,周星驰,,9.0,1273632,旷古烁今。,1995,中国香港 中国大陆,喜剧 爱情 奇幻 古装
闻香识女人,Scent of a Woman,马丁·布莱斯,Martin Brest,阿尔·帕西诺,,9.1,938819,史上最美的探戈。,1992,美国,剧情
死亡诗社,Dead Poets Society,彼得·威尔,Peter Weir,罗宾·威廉姆斯,,9.2,782272,当一个死水般的体制内出现一个活跃的变数时，所有的腐臭都站在了光明的对面。,1989,美国,剧情
绿皮书,Green Book,彼得·法雷里,Peter Farrelly,维果·莫腾森,,8.9,1739649,去除成见，需要勇气。,2018,美国 中国大陆,剧情 喜剧 传记 音乐
大闹天宫,大闹天宫 上下集,万籁鸣,中国大陆,邱岳峰,中国大陆,9.4,465280,经典之作，历久弥新。,1961,,剧情 动画 奇幻 古装
罗马假日,Roman Holiday,威廉·惠勒,William Wyler,奥黛丽·赫本,,9.1,987416,爱情哪怕只有一天。,1953,美国,喜剧 剧情 爱情
黑客帝国,The Matrix,安迪·沃卓斯基,Andy Wachowski,,,9.1,878284,视觉革命。,1999,美国,动作 科幻
指环王1：护戒使者,The Lord of the Rings: The Fellowship of the Ring,彼得·杰克逊,Peter Jackson,伊利亚·伍德,,9.1,890299,传说的开始。,2001,新西兰 美国,剧情 动作 奇幻 冒险
天堂电影院,Nuovo Cinema Paradiso,朱塞佩·托纳多雷,Giuseppe Tornatore,菲利普·努瓦雷,,9.2,702990,那些吻戏，那些青春，都在影院的黑暗里被泪水冲刷得无比清晰。,1988,意大利 法国,剧情 爱情
教父2,The Godfather: Part II,弗朗西斯·福特·科波拉,Francis Ford Coppola,阿尔·帕西诺,,9.3,584931,优雅的孤独。,1974,美国,剧情 犯罪
狮子王,The Lion King,,Roger Allers,,,9.1,889680,动物版《哈姆雷特》。,1994,美国,动画 冒险 歌舞
辩护人,변호인,杨宇硕,Woo,宋康昊,,9.2,618059,电影的现实意义大过电影本身。,2013,韩国,剧情
饮食男女,飲食男女,李安,Ang Lee,郎雄,,9.2,657189,人生不能像做菜，把所有的料都准备好了才下锅。,1994,中国台湾 美国,剧情 家庭
搏击俱乐部,Fight Club,大卫·芬奇,David Fincher,爱德华·诺顿,,9.0,892008,邪恶与平庸蛰伏于同一个母体，在特定的时间互相对峙。,1999,美国,剧情 动作 悬疑 惊悚
本杰明·巴顿奇事,The Curious Case of Benjamin Button,大卫·芬奇,David Fincher,凯特·布兰切特,,9.0,1031782,在时间之河里感受溺水之苦。,2008,美国,剧情 爱情 奇幻
美丽心灵,A Beautiful Mind,朗·霍华德,Ron Howard,罗素·克劳,,9.1,803849,爱是一切逻辑和原由。,2001,美国,传记 剧情
穿条纹睡衣的男孩,The Boy in the Striped Pajamas,马克·赫尔曼,Mark Herman,阿萨·巴特菲尔德,,9.2,597083,尽管有些不切实际的幻想，这部电影依旧是一部感人肺腑的佳作。,2008,英国 美国,剧情 战争
窃听风暴,Das Leben der Anderen,弗洛里安·亨克尔·冯·多纳斯马尔克,Florian Henckel von Donnersmarck,,,9.2,591906,别样人生。,2006,德国,剧情 悬疑
情书,Love Letter,岩井俊二,Shunji Iwai,中山美穗,,8.9,1181539,暗恋的极致。,1995,日本,剧情 爱情
两杆大烟枪,"Lock, Stock and Two Smoking Barrels",盖·里奇,Guy Ritchie,杰森·弗莱明,,9.1,625850,4个臭皮匠顶个诸葛亮，盖·里奇果然不是盖的。,1998,英国,剧情 喜剧 犯罪
西西里的美丽传说,Malèna,朱塞佩·托纳多雷,Giuseppe Tornatore,莫妮卡·贝鲁奇,,8.9,1023245,美丽无罪。,2000,意大利 美国,剧情 战争 情色
音乐之声,The Sound of Music,罗伯特·怀斯,Robert Wise,朱莉·安德鲁斯,,9.1,633834,用音乐化解仇恨，让歌声串起美好。,1965,美国,剧情 传记 爱情 歌舞
看不见的客人,Contratiempo,奥里奥尔·保罗,Oriol Paulo,马里奥·卡萨斯,,8.8,1338861,你以为你以为的就是你以为的。,2016,西班牙,剧情 犯罪 悬疑 惊悚
哈利·波特与死亡圣器(下),Harry Potter and the Deathly Hallows: Part 2,大卫·叶茨,David Yates,丹尼尔·雷德克里夫,,9.0,879595,10年的完美句点。,2011,美国 英国,奇幻 冒险
阿凡达,Avatar,詹姆斯·卡梅隆,James Cameron,萨姆·沃辛顿,,8.8,1481234,绝对意义上的美轮美奂。,2009,美国,动作 科幻 冒险
拯救大兵瑞恩,Saving Private Ryan,史蒂文·斯皮尔伯格,Steven Spielberg,汤姆·汉克斯,,9.1,677670,美利坚精神输出大片No1.,1998,美国,剧情 战争
小鞋子,بچه های آسمان,马基德·马基迪,Majid Majidi,默罕默德·阿米尔·纳吉,,9.2,431382,奔跑的孩子是天使。,1997,伊朗,剧情 儿童 家庭
飞越疯人院,One Flew Over the Cuckoo's Nest,米洛斯·福尔曼,Milo,杰克·尼科尔森,,9.1,570036,自由万岁。,1975,美国,剧情
功夫,功夫3D,周星驰,Stephen Chow,周星驰,,8.8,1211408,警恶惩奸，维护世界和平这个任务就交给你了，好吗？,2004,中国大陆 中国香港,动作 喜剧 犯罪 奇幻
沉默的羔羊,The Silence of the Lambs,乔纳森·戴米,Jonathan Demme,朱迪·福斯特,,8.9,939375,安东尼·霍普金斯的顶级表演。,1991,美国,剧情 犯罪 惊悚
布达佩斯大饭店,The Grand Budapest Hotel,韦斯·安德森,Wes Anderson,拉尔夫·费因斯,,8.9,997488,小清新的故事里注入了大历史的情怀。,2014,美国 德国 英国,剧情 喜剧 冒险
禁闭岛,Shutter Island,,Martin Scorsese,莱昂纳多·迪卡普里奥,,8.9,1031129,昔日翩翩少年，今日大腹便便。,2010,美国,剧情 悬疑 惊悚
蝴蝶效应,The Butterfly Effect,埃里克·布雷斯,Eric Bress,,,8.9,986660,人的命运被自己瞬间的抉择改变。,2004,美国 加拿大,剧情 悬疑 科幻 惊悚
哈利·波特与阿兹卡班的囚徒,Harry Potter and the Prisoner of Azkaban,,Alfonso Cuar,丹尼尔·雷德克里夫,,9.0,783705,不一样的导演，不一样的哈利·波特。,2004,英国 美国,奇幻 冒险
致命魔术,The Prestige,克里斯托弗·诺兰,Christopher Nolan,休·杰克曼,,8.9,901959,孪生蝙蝠侠大战克隆金刚狼。,2006,英国 美国,剧情 悬疑 惊悚
心灵捕手,Good Will Hunting,格斯·范·桑特,Gus Van Sant,马特·达蒙,,9.0,757336,人生中应该拥有这样的一段豁然开朗。,1997,美国,剧情
超脱,Detachment,托尼·凯耶,Tony Kaye,艾德里安·布洛迪,,9.0,651808,穷尽一生，我们要学会的，不过是彼此拥抱。,2011,美国,剧情
低俗小说,Pulp Fiction,昆汀·塔伦蒂诺,Quentin Tarantino,约翰·特拉沃尔塔,,8.9,882465,故事的高级讲法。,1994,美国,剧情 喜剧 犯罪
摩登时代,Modern Times,查理·卓别林,Charles Chaplin,查理·卓别林,,9.3,319064,大时代中的人生，小人物的悲喜。,1936,美国,剧情 喜剧 爱情
春光乍泄,春光乍洩,王家卫,Kar Wai Wong,张国荣,,9.0,663754,爱情纠缠，男女一致。,1997,中国香港 日本 韩国,剧情 爱情 同性
海豚湾,The Cove,路易·西霍尤斯,Louie Psihoyos,路易·西霍尤斯,,9.3,367542,海豚的微笑，是世界上最高明的伪装。,2009,美国,纪录片
喜剧之王,喜劇之王,周星驰,Stephen Chow,周星驰,,8.8,1016023,我是一个演员。,1999,中国香港,喜剧 剧情 爱情
美国往事,Once Upon a Time in America,赛尔乔·莱翁内,Sergio Leone,罗伯特·德尼罗,,9.2,436095,往事如烟，无处祭奠。,1984,美国 意大利,犯罪 剧情
致命ID,Identity,詹姆斯·曼高德,James Mangold,约翰·库萨克,,8.9,872855,最不可能的那个人永远是最可能的。,2003,美国,剧情 悬疑 惊悚
杀人回忆,살인의 추억,奉俊昊,Joon,宋康昊,,8.9,762955,关于连环杀人悬案的集体回忆。,2003,韩国,剧情 动作 犯罪 悬疑 惊悚
哈利·波特与密室,Harry Potter and the Chamber of Secrets,,Chris Columbus,丹尼尔·雷德克里夫,,8.9,810945,魔法的密室之门已打开...,2002,英国 美国,奇幻 冒险
红辣椒,パプリカ,今敏,Satoshi Kon,林原惠美,,9.1,506227,梦的勾结。,2006,日本,动画 悬疑 科幻 惊悚
加勒比海盗,Pirates of the Caribbean: The Curse of the Black Pearl,戈尔·维宾斯基,Gore Verbinski,约翰尼·德普,,8.8,902147,约翰尼·德普的独角戏。,2003,美国,动作 冒险 奇幻
七宗罪,Se7en,大卫·芬奇,David Fincher,摩根·弗里曼,,8.8,983308,警察抓小偷，老鼠玩死猫。,1995,美国,剧情 犯罪 悬疑 惊悚
一一,Yi yi,杨德昌,Edward Yang,吴念真,,9.1,432134,我们都曾经是一一。,2000,中国台湾 日本,剧情 爱情 家庭
狩猎,Jagten,托马斯·温特伯格,Thomas Vinterberg,麦斯·米科尔森,,9.1,420108,人言可畏。,2012,丹麦 瑞典,剧情
唐伯虎点秋香,唐伯虎點秋香,李力持,Lik,周星驰,,8.7,1135743,华太师是黄霑，吴镇宇四大才子之一。,1993,中国香港,喜剧 爱情 古装
7号房的礼物,7번방의 선물,李焕庆,Hwan,柳承龙,,8.9,583282,《我是山姆》的《美丽人生》。,2013,韩国,剧情 喜剧 家庭
被嫌弃的松子的一生,嫌われ松子の一生,中岛哲也,Tetsuya Nakashima,中谷美纪,,8.8,732507,以戏谑来戏谑戏谑。,2006,日本,剧情 歌舞
蝙蝠侠：黑暗骑士崛起,The Dark Knight Rises,克里斯托弗·诺兰,Christopher Nolan,克里斯蒂安·贝尔,,8.9,759162,诺兰就是保证。,2012,美国 英国,剧情 动作 科幻 犯罪 惊悚
甜蜜蜜,Comrades: Almost a Love Story,陈可辛,Peter Chan,黎明,,8.9,602772,相逢只要一瞬间，等待却像是一辈子。,1996,中国香港,剧情 爱情
爱在黎明破晓前,Before Sunrise,理查德·林克莱特,Richard Linklater,伊桑·霍克,,8.8,726068,缘分是个连绵词，最美不过一瞬。,1995,美国 奥地利 瑞士,剧情 爱情
请以你的名字呼唤我,Call Me by Your Name,卢卡·瓜达尼诺,Luca Guadagnino,艾米·汉莫,,8.8,763607,沉醉在电影的情感和视听氛围中无法自拔。,2017,意大利 法国 巴西 美国,剧情 爱情 同性
第六感,The Sixth Sense,,,布鲁斯·威利斯,,8.9,586554,深入内心的恐怖，出人意料的结局。,1999,美国,剧情 悬疑 惊悚
超能陆战队,Big Hero 6,唐·霍尔,Don Hall,,,8.8,1066973,Balalala~~~,2014,美国,喜剧 动作 科幻 动画 冒险
入殓师,おくりびと,泷田洋二郎,,本木雅弘,,8.9,700044,死可能是一道门，逝去并不是终结，而是超越，走向下一程。,2008,日本,剧情
重庆森林,重慶森林,王家卫,Kar Wai Wong,林青霞,,8.8,855628,寂寞没有期限。,1994,中国香港,剧情 爱情
断背山,Brokeback Mountain,李安,Ang Lee,希斯·莱杰,,8.8,735436,每个人心中都有一座断背山。,2005,美国 加拿大,剧情 爱情 同性 家庭
剪刀手爱德华,Edward Scissorhands,蒂姆·波顿,Tim Burton,约翰尼·德普,,8.7,1070947,浪漫忧郁的成人童话。,1990,美国,剧情 奇幻 爱情
幽灵公主,もののけ姫,宫崎骏,Hayao Miyazaki,松田洋治,,8.9,553199,人与自然的战争史诗。,1997,日本,动画 奇幻 冒险
寄生虫,기생충,奉俊昊,Joon,宋康昊,,8.8,1441129,,2019,韩国,剧情
勇敢的心,Braveheart,梅尔·吉布森,Mel Gibson,梅尔·吉布森,,8.9,576891,史诗大片的典范。,1995,美国,动作 传记 剧情 历史 战争
爱在日落黄昏时,Before Sunset,理查德·林克莱特,Richard Linklater,伊桑·霍克,,8.9,595860,九年后的重逢是世俗和责任的交叠，没了悸动和青涩，沧桑而温暖。,2004,美国 法国,剧情 爱情
菊次郎的夏天,菊次郎の夏,北野武,Takeshi Kitano,北野武,,8.9,627117,从没见过那么流氓的温柔，从没见过那么温柔的流氓。,1999,日本,剧情 喜剧
借东西的小人阿莉埃蒂,借りぐらしのアリエッティ,米林宏昌,Hiromasa Yonebayashi,志田未来,,8.9,584400,曾经的那段美好会沉淀为一辈子的记忆。,2010,日本,动画 奇幻 冒险
未麻的部屋,Perfect Blue,今敏,Satoshi Kon,岩男润子,,9.1,374372,好的剧本是，就算你猜到了结局也猜不到全部。,1997,日本,剧情 犯罪 动画 悬疑 惊悚
消失的爱人,Gone Girl,大卫·芬奇,David Fincher,本·阿弗莱克,,8.7,1004478,年度最佳date movie。,2014,美国,剧情 犯罪 悬疑 惊悚
无人知晓,誰も知らない,是枝裕和,Hirokazu Koreeda,柳乐优弥,,9.1,341462,我的平常生活就是他人的幸福。,2004,日本,剧情
时空恋旅人,About Time,理查德·柯蒂斯,Richard Curtis,多姆纳尔·格里森,,8.8,719213,把每天当作最后一天般珍惜度过，积极拥抱生活，就是幸福。,2013,英国 美国,喜剧 爱情 奇幻
阳光灿烂的日子,In the Heat of the Sun,姜文,Wen Jiang,夏雨,,8.8,644232,一场华丽的意淫。,1994,中国大陆 中国香港,剧情 爱情
完美的世界,A Perfect World,克林特·伊斯特伍德,Clint Eastwood,凯文·科斯特纳,,9.1,333337,坏人的好总是比好人的好来得更感人。,1993,美国,剧情 犯罪
倩女幽魂,倩女幽魂(87版),程小东,Siu,张国荣,,8.8,770544,两张绝世的脸。,1987,中国香港,爱情 奇幻 武侠 古装
天使爱美丽,Le Fabuleux destin d'Amélie Poulain,让-皮埃尔·热内,Jean,奥黛丽·塔图,,8.7,980402,法式小清新。,2001,法国 德国,剧情 喜剧 爱情
小森林 夏秋篇,リトル・フォレスト 夏・秋,森淳一,Junichi Mori,桥本爱,,9.0,443938,那些静得只能听见呼吸的日子里，你明白孤独即生活。,2014,日本,剧情
哈利·波特与火焰杯,Harry Potter and the Goblet of Fire,迈克·内威尔,Mike Newell,丹尼尔·雷德克里夫,,8.8,707936,,2005,英国 美国,悬疑 奇幻 冒险
侧耳倾听,耳をすませば,近藤喜文,Yoshifumi Kondo,本名阳子,,8.9,488467,少女情怀总是诗。,1995,日本,剧情 爱情 动画
驯龙高手,How to Train Your Dragon,迪恩·德布洛斯,Dean DeBlois,,,8.8,794007,和谐的生活离不开摸头与被摸头。,2010,美国,动画 奇幻 冒险
茶馆,The Teahouse,谢添,中国大陆,于是之,中国大陆,9.6,169724,,1982,,剧情 历史
幸福终点站,The Terminal,史蒂文·斯皮尔伯格,Steven Spielberg,汤姆·汉克斯,,8.8,600009,有时候幸福需要等一等。,2004,美国,喜剧 剧情 爱情
教父3,The Godfather: Part III,弗朗西斯·福特·科波拉,Francis Ford Coppola,阿尔·帕西诺,,9.0,396712,任何信念的力量，都无法改变命运。,1990,美国,剧情 犯罪
一个叫欧维的男人决定去死,En man som heter Ove,汉内斯·赫尔姆,Hannes Holm,罗夫·拉斯加德,,8.9,515412,惠及一生的美丽。,2015,瑞典,剧情
怪兽电力公司,"Monsters, Inc.",彼特·道格特,Pete Docter,,,8.8,712117,不要给它起名字，起了名字就有感情了。,2001,美国,儿童 喜剧 动画 奇幻 冒险
新世界,신세계,朴勋政,Hoon,李政宰,,8.9,475312,要做就做得狠一点，这样才能活下去。,2013,韩国,剧情 犯罪
傲慢与偏见,Pride & Prejudice,乔·怀特,Joe Wright,凯拉·奈特莉,,8.7,847167,爱是摈弃傲慢与偏见之后的曙光。,2005,法国 英国 美国,剧情 爱情
玩具总动员3,Toy Story 3,李·昂克里奇,Lee Unkrich,汤姆·汉克斯,,8.9,547628,跨度十五年的欢乐与泪水。,2010,美国,喜剧 动画 奇幻 冒险
小森林 冬春篇,リトル・フォレスト 冬・春,森淳一,Junichi Mori,桥本爱,,9.0,395531,尊敬他人，尊敬你生活的这片土地，明白孤独是人生的常态。,2015,日本,剧情
萤火之森,蛍火の杜へ,大森贵弘,Takahiro Omori,佐仓绫音,,8.9,568212,触不到的恋人。,2011,日本,剧情 爱情 动画 奇幻
被解救的姜戈,Django Unchained,昆汀·塔伦蒂诺,Quentin Tarantino,杰米·福克斯,,8.8,641409,热血沸腾，那个低俗、性感的无耻混蛋又来了。,2012,美国,剧情 动作 西部 冒险
釜山行,부산행,延尚昊,Sang,孔侑,,8.6,1258493,揭露人性的丧尸题材力作。,2016,韩国,动作 惊悚 灾难
神偷奶爸,Despicable Me,皮艾尔·柯芬,Pierre Coffin,,,8.7,985051,Mr. I Don't Care其实也有Care的时候。,2010,美国 法国,喜剧 动画 冒险
色，戒,色|戒,李安,Ang Lee,梁朝伟,,8.7,872184,假戏真情，爱欲深海,2007,中国台湾 中国大陆 美国 中国香港,剧情 爱情 情色
九品芝麻官,九品芝麻官之白面包青天,王晶,Jing Wong,周星驰,,8.7,725167,,1994,中国香港 中国大陆,剧情 喜剧 古装
哪吒闹海,Prince Nezha's Triumph Against Dragon King,王树忱,Shuchen Wang,梁正晖,,9.2,274349,想你时你在闹海。,1979,中国大陆,冒险 动画 奇幻
告白,自白,中岛哲也,Tetsuya Nakashima,松隆子,,8.8,698646,没有一人完全善，也没有一人完全恶。,2010,日本,剧情 悬疑
玛丽和马克思,Mary and Max,亚当·艾略特,Adam Elliot,托妮·科莱特,,9.0,434933,你是我最好的朋友，你是我唯一的朋友 。,2009,澳大利亚 美国,剧情 喜剧 动画
喜宴,囍宴,李安,Ang Lee,赵文瑄,,9.0,389058,中国家庭的喜怒哀乐忍。,1993,中国台湾 美国,剧情 喜剧 爱情 同性 家庭
头脑特工队,Inside Out,彼特·道格特,Pete Docter,,,8.8,669260,愿我们都不用长大，每一座城堡都能永远存在。,2015,美国,喜剧 动画 冒险
大鱼,Big Fish,蒂姆·波顿,Tim Burton,伊万·麦克格雷格,,8.8,592126,抱着梦想而活着的人是幸福的，怀抱梦想而死去的人是不朽的。,2003,美国,剧情 家庭 奇幻 冒险
模仿游戏,The Imitation Game,莫滕·泰杜姆,Morten Tyldum,本尼迪克特·康伯巴奇,,8.8,678447,他给机器起名“克里斯托弗”，因为这是他初恋的名字。,2014,英国 美国,剧情 传记 战争 同性
头号玩家,Ready Player One,史蒂文·斯皮尔伯格,Steven Spielberg,泰伊·谢里丹,,8.6,1424736,写给影迷，动漫迷和游戏迷的一封情书。,2018,美国,动作 科幻 冒险
花样年华,花樣年華,王家卫,Kar Wai Wong,梁朝伟,,8.8,649070,偷情本没有这样美。,2000,中国香港,剧情 爱情
射雕英雄传之东成西就,射鵰英雄傳之東成西就,刘镇伟,Jeffrey Lau,梁朝伟,,8.7,670470,百看不厌。,1993,中国香港,喜剧 奇幻 武侠 古装
七武士,七人の侍,黑泽明,Akira Kurosawa,三船敏郎,,9.3,210284,时代悲歌。,1954,日本,动作 冒险 剧情
我是山姆,I Am Sam,杰茜·尼尔森,Jessie Nelson,,,9.0,353748,爱并不需要智商 。,2001,美国,剧情 家庭
血战钢锯岭,Hacksaw Ridge,梅尔·吉布森,Mel Gibson,安德鲁·加菲尔德,,8.7,812356,优秀的战争片不会美化战场，不会粉饰死亡，不会矮化敌人，不会无视常识，最重要的，不会宣扬战争。,2016,澳大利亚 美国,剧情 传记 历史 战争
惊魂记,Psycho,阿尔弗雷德·希区柯克,Alfred Hitchcock,安东尼·博金斯,,9.0,318859,故事的反转与反转，分裂电影的始祖。,1960,美国,悬疑 惊悚 恐怖
阳光姐妹淘,써니,姜炯哲,Hyeong,沈恩京,,8.8,608269,再多各自牛逼的时光，也比不上一起傻逼的岁月。,2011,韩国,剧情 喜剧
恐怖直播,더 테러 라이브,金秉祐,Byeong,河正宇,,8.7,684206,恐怖分子的“秋菊打官司”。,2013,韩国,剧情 犯罪 悬疑
黑客帝国3：矩阵革命,The Matrix Revolutions,拉娜·沃卓斯基,Lana Wachowski,,,8.8,466693,不得不说，《黑客帝国》系列是商业片与科幻、哲学完美结合的典范。,2003,美国,动作 科幻
你的名字。,君の名は。,新海诚,Makoto Shinkai,神木隆之介,,8.5,1474471,穿越错位的时空，仰望陨落的星辰，你没留下你的名字，我却无法忘记那句“我爱你”。,2016,日本,剧情 爱情 动画
三块广告牌,"Three Billboards Outside Ebbing, Missouri",马丁·麦克唐纳,Martin McDonagh,弗兰西斯·麦克多蒙德,,8.7,860189,怼天怼地，你走后，她与世界为敌。,2017,英国 美国,剧情 犯罪
电锯惊魂,Saw,詹姆斯·温,James Wan,雷·沃纳尔,,8.7,565089,真相就在眼前。,2004,美国,悬疑 惊悚 恐怖
心迷宫,殡棺,忻钰坤,Yukun Xin,霍卫民,,8.8,560322,荒诞讽刺，千奇百巧，抽丝剥茧，百转千回。,2014,中国大陆,剧情 犯罪 悬疑
达拉斯买家俱乐部,Dallas Buyers Club,让-马克·瓦雷,Jean,马修·麦康纳,,8.8,474518,Jared Leto的腿比女人还美！,2013,美国,剧情 传记 同性
疯狂原始人,The Croods,科克·德·米科,Kirk De Micco,,,8.7,872346,老少皆宜，这就是好莱坞动画的魅力。,2013,美国,喜剧 动画 冒险
谍影重重3,The Bourne Ultimatum,保罗·格林格拉斯,Paul Greengrass,马特·达蒙,,8.8,438228,像吃了苏打饼一样干脆的电影。,2007,美国 德国 法国 英国,动作 悬疑 惊悚
小丑,Joker,托德·菲利普斯,Todd Phillips,杰昆·菲尼克斯,,8.7,1056558,,2019,美国 加拿大,剧情 犯罪 惊悚
上帝之城,Cidade de Deus,费尔南多·梅里尔斯,Fernando Meirelles,,,9.0,313245,被上帝抛弃了的上帝之城。,2002,巴西 法国,犯罪 剧情
英雄本色,A Better Tomorrow,吴宇森,John Woo,周润发,,8.6,567227,英雄泪短，兄弟情长。,1986,中国香港,剧情 动作 犯罪
风之谷,風の谷のナウシカ,宫崎骏,Hayao Miyazaki,岛本须美,,8.9,371260,动画片的圣经。,1984,日本,动画 奇幻 冒险
背靠背，脸对脸,背对背，脸对脸,黄建新,Jianxin Huang,牛振华,,9.5,150918,,1994,中国大陆 中国香港,剧情
绿里奇迹,The Green Mile,弗兰克·德拉邦特,Frank Darabont,汤姆·汉克斯,,8.9,353778,天使暂时离开。,1999,美国,犯罪 剧情 奇幻 悬疑
心灵奇旅,Soul,彼特·道格特,Pete Docter,,,8.7,1041775,,2020,美国,动画 奇幻 音乐
爱在午夜降临前,Before Midnight,理查德·林克莱特,Richard Linklater,伊桑·霍克,,8.9,429389,所谓爱情，就是话唠一路，都不会心生腻烦，彼此嫌弃。,2013,美国 希腊,剧情 爱情
海街日记,海街diary,是枝裕和,Hirokazu Koreeda,绫濑遥,,8.8,475922,是枝裕和的家庭习作。,2015,日本,剧情 家庭
纵横四海,緃横四海,吴宇森,John Woo,周润发,,8.8,446365,香港浪漫主义警匪动作片的巅峰之作。,1991,中国香港,剧情 喜剧 动作 犯罪
卢旺达饭店,Hotel Rwanda,特瑞·乔治,Terry George,唐·钱德尔,,8.9,345565,当这个世界闭上双眼，他却敞开了怀抱。,2004,英国 南非 意大利 美国,剧情 传记 历史 战争
疯狂的石头,Crazy Stone,宁浩,Hao Ning,郭涛,,8.6,865080,中国版《两杆大烟枪》。,2006,中国大陆 中国香港,喜剧 犯罪
2001太空漫游,2001: A Space Odyssey,斯坦利·库布里克,Stanley Kubrick,凯尔·杜拉,,8.9,355896,现代科幻电影的开山之作，最伟大导演的最伟大影片。,1968,英国 美国,科幻 惊悚 冒险
无间道2,無間道II,刘伟强 / 麦兆辉   主演: 陈冠希,Edison Chen,陈冠希,,8.8,514561,,2003,中国香港,剧情 犯罪 惊悚
记忆碎片,Memento,克里斯托弗·诺兰,Christopher Nolan,盖·皮尔斯,,8.7,630444,一个针管引发的血案。,2000,美国,犯罪 剧情 悬疑 惊悚
雨中曲,Singin' in the Rain,斯坦利·多南,Stanley Donen,,,9.1,242251,骨灰级歌舞片。,1952,美国,喜剧 歌舞 爱情
小偷家族,万引き家族,是枝裕和,Hirokazu Koreeda,中川雅也,,8.7,848120,我们组成了家。,2018,日本,剧情 犯罪 家庭
岁月神偷,歲月神偷,罗启锐,Alex Law,吴君如,,8.7,590226,岁月流逝，来日可追。,2010,中国香港 中国大陆,剧情 家庭
无敌破坏王,Wreck-It Ralph,瑞奇·莫尔,Rich Moore,约翰·,,8.7,569854,迪士尼和皮克斯拿错剧本的产物。,2012,美国,喜剧 动画 奇幻 冒险
忠犬八公物语,ハチ公物語,神山征二郎,Seijir,仲代达矢,,9.2,205016,养狗三日，便会对你终其一生。,1987,日本,剧情
荒蛮故事,Relatos salvajes,达米安·斯兹弗隆,Dami,达里奥·葛兰帝内提,,8.8,464902,始于荒诞，止于更荒诞。,2014,阿根廷 西班牙,剧情 喜剧 犯罪
冰川时代,Ice Age,卡洛斯·沙尔丹哈,Carlos Saldanha,,,8.6,644783,松鼠才是角儿。,2002,美国,喜剧 动画 冒险
牯岭街少年杀人事件,牯嶺街少年殺人事件,杨德昌,Edward Yang,张震,,8.9,327041,弱者送给弱者的一刀。,1991,中国台湾,剧情 犯罪
爆裂鼓手,Whiplash,达米恩·查泽雷,Damien Chazelle,迈尔斯·特勒,,8.7,619857,这个世界从不善待努力的人，努力了也不一定会成功，但是知道自己在努力，就是活下去的动力。,2014,美国,剧情 音乐
恐怖游轮,Triangle,克里斯托弗·史密斯,Christopher Smith,梅利莎·乔治,,8.5,914813,不要企图在重复中寻找已经失去的爱。,2009,英国 澳大利亚,剧情 悬疑 惊悚
东京教父,東京ゴッドファーザーズ,今敏,Satoshi Kon,江守彻,,9.0,253740,,2003,日本,剧情 喜剧 动画
魔女宅急便,魔女の宅急便,宫崎骏,Hayao Miyazaki,高山南,,8.7,486829,宫崎骏的电影总让人感觉世界是美好的，阳光明媚的。,1989,日本,动画 奇幻 冒险
大佛普拉斯,The Great Buddha+,黄信尧,Hsin,庄益增,,8.7,501121,人们可以登上月球，却永远无法探索人们内心的宇宙。,2017,中国台湾,剧情 喜剧
贫民窟的百万富翁,Slumdog Millionaire,丹尼·鲍尔,Danny Boyle,,,8.6,771267,上帝之城+猜火车+阿甘正传+开心辞典=山寨富翁,2008,英国,剧情 爱情
遗愿清单,The Bucket List,罗伯·莱纳,Rob Reiner,杰克·尼科尔森,,8.7,491808,用剩余不多的时间，去燃烧整个生命。,2007,美国,冒险 喜剧 剧情
东邪西毒,東邪西毒,王家卫,Kar Wai Wong,张国荣,,8.6,599627,电影诗。,1994,中国香港 中国台湾,剧情 动作 爱情 武侠 古装
你看起来好像很好吃,おまえうまそうだな,藤森雅也,Masaya Fujimori,山口胜平,,8.9,349135,感情不分食草或者食肉。,2010,日本,剧情 动画 儿童
末路狂花,Thelma & Louise,雷德利·斯科特,Ridley Scott,吉娜·戴维斯,,8.9,289238,没有了退路，只好飞向自由。,1991,美国 英国 法国,犯罪 剧情 惊悚
可可西里,Kekexili: Mountain Patrol,陆川,Chuan Lu,多布杰,,8.9,319281,坚硬的信仰。,2004,中国大陆 中国香港,剧情 犯罪
城市之光,City Lights,,Charles Chaplin,查理·卓别林,,9.3,156897,永远的小人物，伟大的卓别林。,1931,美国,喜剧 剧情 爱情
源代码,Source Code,邓肯·琼斯,Duncan Jones,杰克·吉伦哈尔,,8.5,870492,邓肯·琼斯继《月球》之后再度奉献出一部精彩绝伦的科幻佳作。,2011,美国 加拿大,科幻 悬疑 惊悚
黑天鹅,Black Swan,达伦·阿罗诺夫斯基,Darren Aronofsky,娜塔莉·波特曼,,8.6,807174,黑暗之美。,2010,美国,剧情 惊悚
海边的曼彻斯特,Manchester by the Sea,肯尼斯·罗纳根,Kenneth Lonergan,卡西·阿弗莱克,,8.6,587481,我们都有权利不与自己的过去和解。,2016,美国,剧情 家庭
波西米亚狂想曲,Bohemian Rhapsody,布莱恩·辛格,Bryan Singer,拉米·马雷克,,8.6,641082,,2018,英国 美国,剧情 传记 同性 音乐
疯狂的麦克斯4：狂暴之路,Mad Max: Fury Road,乔治·米勒,George Miller,汤姆·哈迪,,8.7,568860,“多么美好的一天！”轰轰轰砰咚，啪哒哒哒轰隆隆，磅~,2015,澳大利亚 美国,动作 科幻 冒险
真爱至上,Love Actually,理查德·柯蒂斯,Richard Curtis,休·格兰特,,8.5,764456,爱，是个动词。,2003,英国 美国 法国,喜剧 剧情 爱情
雨人,Rain Man,巴瑞·莱文森,Barry Levinson,达斯汀·霍夫曼,,8.7,420034,生活在自己的世界里，也可以让周围的人显得可笑和渺小。,1988,美国,剧情
青蛇,Green Snake,徐克,Hark Tsui,张曼玉,,8.6,552038,人生如此，浮生如斯。谁人言，花彼岸，此生情长意短。谁都是不懂爱的罢了。,1993,中国香港 中国大陆,剧情 爱情 奇幻 古装
爱乐之城,La La Land,达米恩·查泽雷,Damien Chazelle,瑞恩·高斯林,,8.4,999370,,2016,美国,剧情 爱情 歌舞
初恋这件小事,สิ่งเล็กเล็กที่เรียกว่า...รัก,普特鹏·普罗萨卡·那·萨克那卡林,Puttipong Promsaka Na Sakolnakorn,,,8.5,1007991,黑小鸭速效美白记。,2010,泰国,剧情 喜剧 爱情
芙蓉镇,Hibiscus Town,谢晋,Jin Xie,刘晓庆,,9.3,157984,,1987,中国大陆,剧情 爱情
人工智能,A.I. Artificial Intelligence,史蒂文·斯皮尔伯格,Steven Spielberg,海利·乔·奥斯蒙,,8.7,467831,对爱的执着，可以超越一切。,2001,美国 英国,剧情 科幻
终结者2：审判日,Terminator 2: Judgment Day,詹姆斯·卡梅隆,James Cameron,阿诺·施瓦辛格,,8.8,357684,少见的超越首部的续集，动作片中的经典。,1991,美国 法国,动作 科幻
虎口脱险,La grande vadrouille,杰拉尔·乌里,,路易·德·菲耐斯,,8.9,272271,永远看不腻的喜剧。,1966,法国 英国,喜剧 战争
恋恋笔记本,The Notebook,尼克·卡索维茨,Nick Cassavetes,瑞恩·高斯林,,8.5,704390,爱情没有那么多借口，如果不能圆满，只能说明爱的不够。,2004,美国,剧情 爱情
新龙门客栈,新龍門客棧,李惠民,Raymond Lee,张曼玉,,8.7,467977,嬉笑怒骂，调风动月。,1992,中国香港 中国大陆,动作 爱情 武侠 古装
无耻混蛋,Inglourious Basterds,昆汀·塔伦蒂诺,Quentin Tarantino,布拉德·皮特,,8.7,507178,昆汀同学越来越变态了，比北野武还杜琪峰。,2009,德国 美国,剧情 犯罪
罗生门,羅生門,黑泽明,Akira Kurosawa,三船敏郎,,8.8,331984,人生的N种可能性。,1950,日本,剧情 犯罪 悬疑
花束般的恋爱,花束みたいな恋をした,土井裕泰,Nobuhiro Doi,菅田将晖,,8.6,699395,,2021,日本,剧情 爱情
崖上的波妞,崖の上のポニョ,宫崎骏,Hayao Miyazaki,奈良柚莉爱,,8.6,529785,,2008,日本,动画 奇幻 冒险
千钧一发,Gattaca,安德鲁·尼科尔,Andrew Niccol,伊桑·霍克,,8.8,319552,一部能引人思考的科幻励志片。,1997,美国,剧情 科幻 惊悚
高山下的花环,卫国军魂(港),谢晋,中国大陆,吕晓禾,中国大陆,9.5,111830,,1984,中国大陆,剧情 战争
彗星来的那一夜,Coherence,詹姆斯·沃德·布柯特,James Ward Byrkit,艾米丽·芭尔多尼,,8.6,621559,小成本大魅力。,2013,美国 英国,科幻 悬疑 惊悚
哈利·波特与死亡圣器(上),Harry Potter and the Deathly Hallows: Part 1,大卫·叶茨,David Yates,丹尼尔·雷德克里夫,,8.6,617445,最忠于原著的一部。,2010,英国 美国,奇幻 冒险
白日梦想家,The Secret Life of Walter Mitty,本·斯蒂勒,Ben Stiller,本·斯蒂勒,,8.6,547337,,2013,美国 英国,剧情 喜剧 冒险
萤火虫之墓,火垂るの墓,高畑勋,Isao Takahata,,,8.7,418296,幸福是生生不息，却难以触及的远。,1988,日本,动画 剧情 战争
黑客帝国2：重装上阵,The Matrix Reloaded,拉娜·沃卓斯基,Lana Wachowski,,,8.7,425136,一个精彩的世界观正在缓缓建立。,2003,美国,动作 科幻
奇迹男孩,Wonder,斯蒂芬·卓博斯基,Stephen Chbosky,雅各布·特伦布莱,,8.6,571354,世界不完美，爱会有奇迹。,2017,美国 中国香港,剧情 儿童 家庭
火星救援,The Martian,雷德利·斯科特,Ridley Scott,马特·达蒙,,8.5,772151,,2015,英国 美国 匈牙利 约旦,剧情 科幻 冒险
二十二,Twenty Two,郭柯,Ke Guo,2015,,8.7,301153,有一些东西不应该被遗忘。,2015,中国大陆,纪录片
战争之王,Lord of War,安德鲁·尼科尔,Andrew Niccol,尼古拉斯·凯奇,,8.7,387550,做一颗让别人需要你的棋子。,2005,美国 德国,剧情 犯罪
血钻,Blood Diamond,爱德华·兹威克,Edward Zwick,莱昂纳多·迪卡普里奥,,8.7,397525,每个美丽事物背后都是滴血的现实。,2006,美国 德国 英国,剧情 惊悚 冒险
步履不停,歩いても 歩いても,是枝裕和,Hirokazu Koreeda,阿部宽,,8.8,295413,日本的家庭电影已经是世界巅峰了，步履不停是巅峰中的佳作。,2008,日本,剧情 家庭
哈利·波特与凤凰社,Harry Potter and the Order of the Phoenix,大卫·叶茨,David Yates,丹尼尔·雷德克里夫,,8.5,612997,,2007,英国 美国,奇幻 冒险
千年女优,千年女優,今敏,Satoshi Kon,庄司美代子,,8.8,288956,爱情是一场没有尽头的虚幻追逐。,2001,日本,动画 剧情 爱情
大红灯笼高高挂,Raise The Red Lantern,张艺谋,Yimou Zhang,巩俐,,8.8,311367,,1991,中国大陆 中国香港 中国台湾,剧情
房间,Room,伦尼·阿伯拉罕森,Lenny Abrahamson,布丽·拉尔森,,8.8,381191,被偷走的岁月，被伤害的生命，被禁锢的灵魂，终将被希望和善意救赎。,2015,爱尔兰 加拿大 英国 美国,剧情 家庭
魂断蓝桥,Waterloo Bridge,茂文·勒鲁瓦,Mervyn LeRoy,费雯·丽,,8.8,291705,中国式内在的美国电影。,1940,美国,剧情 爱情 战争
谍影重重2,The Bourne Supremacy,保罗·格林格拉斯,Paul Greengrass,马特·达蒙,,8.7,370408,谁说王家卫镜头很晃？,2004,美国 德国,动作 悬疑 惊悚
蜘蛛侠：平行宇宙,Spider-Man: Into the Spider-Verse,鲍勃·佩尔西凯蒂,Bob Persichetti,,,8.6,704976,,2018,美国,动作 科幻 动画 冒险
弱点,The Blind Side,约翰·李·汉考克,John Lee Hancock,桑德拉·布洛克,,8.7,329728,拍掉身上的悲伤，从今天开始重新踏上追梦之旅。,2009,美国,剧情 家庭 传记 运动
谍影重重,The Bourne Identity,道格·里曼,Doug Liman,马特·达蒙,,8.6,450268,哗啦啦啦啦，天在下雨，哗啦啦啦啦，云在哭泣……找自己。,2002,美国 德国 捷克,动作 悬疑 惊悚
阿飞正传,阿飛正傳,王家卫,Kar Wai Wong,张国荣,,8.5,535956,王家卫是一种风格，张国荣是一个代表。,1990,中国香港,犯罪 剧情 爱情
朗读者,The Reader,史蒂芬·戴德利,Stephen Daldry,凯特·温丝莱特,,8.6,467933,当爱情跨越年龄的界限，它似乎能变得更久远一点，成为一种责任，一种水到渠成的相濡以沫。,2008,美国 德国,剧情 爱情
隐藏人物,Hidden Figures,特奥多尔·梅尔菲,Theodore Melfi,塔拉吉·,,8.9,235011,,2016,美国,剧情 传记 历史
再次出发之纽约遇见你,Begin Again,约翰·卡尼,John Carney,凯拉·奈特莉,,8.6,445075,爱我就给我看你的播放列表。,2013,美国,喜剧 爱情 音乐
